//2. Creación de un menú de restaurante en XML
Diseña un documento XML que represente el menú de un restaurante con diferentes
platos y sus precios.
Comienza con una etiqueta raíz que sea “menu" y por ejemplo, podrías usar las
siguientes características: plato, precio, ingredientes, categoría, etc.

<?xml version="1.0" encoding="UTF-8"?>
<menu>
  <plato>
    <nombre>Filete de Ternera</nombre>
    <precio>20.99</precio>
    <ingredientes>Filete de ternera, patatas, verduras</ingredientes>
    <categoria>Carnes</categoria>
  </plato>
  <plato>
    <nombre>Pasta Alfredo</nombre>
    <precio>14.99</precio>
    <ingredientes>Pasta, parmesano</ingredientes>
    <categoria>Pasta</categoria>
  </plato>
  <plato>
    <nombre>Salmón a la Parrilla</nombre>
    <precio>18.50</precio>
    <ingredientes>Salmón, arroz, espárragos</ingredientes>
    <categoria>Pescados</categoria>
  </plato>
  <plato>
    <nombre>Ensalada César</nombre>
    <precio>9.99</precio>
    <ingredientes>Lechuga romana, pollo a la parrilla, aderezo César</ingredientes>
    <categoria>Ensaladas</categoria>
  </plato>
</menu>

//He creado un documento XML válido y cumple con su estructura. He creado una etiqueta raíz llamada "menú" donde contiene varios elementos "plato". Cada elemento "plato" tiene su atributos donde representan la información.
